id,title,score,num_comments,author,created_utc,url,over_18,edited,spoiler,stickied
1hnuomf,Is it too late for me as 32 years old female with completely zero background jump into data engineering?,206,151,Admirable_Spite4940,2024-12-28 01:36:29,https://www.reddit.com/r/dataengineering/comments/1hnuomf/is_it_too_late_for_me_as_32_years_old_female_with/,False,False,False,False
1ho0fll,How do you guys mock the APIs?,52,21,ast0708,2024-12-28 07:11:13,https://www.reddit.com/r/dataengineering/comments/1ho0fll/how_do_you_guys_mock_the_apis/,False,False,False,False
1hnvogb,I made a Pandas.to_sql_upsert(),50,22,Prudent_Student2839,2024-12-28 02:29:11,https://www.reddit.com/r/dataengineering/comments/1hnvogb/i_made_a_pandasto_sql_upsert/,False,False,False,False
1hnxrsj,Are there any good alternatives to The Data Warehouse Toolkit?,49,25,iMakeSense,2024-12-28 04:24:46,https://www.reddit.com/r/dataengineering/comments/1hnxrsj/are_there_any_good_alternatives_to_the_data/,False,False,False,False
1hnocdj,Do you like the devops part of being a DE?,38,26,anooseboy,2024-12-27 20:39:28,https://www.reddit.com/r/dataengineering/comments/1hnocdj/do_you_like_the_devops_part_of_being_a_de/,False,False,False,False
1hnut2c,"After Python & SQL: If not Scala, What Else? ",21,46,aksandros,2024-12-28 01:42:53,https://www.reddit.com/r/dataengineering/comments/1hnut2c/after_python_sql_if_not_scala_what_else/,False,False,False,False
1ho9xbp,SQL Query plan,4,3,Efficient_Employer75,2024-12-28 17:02:21,https://www.reddit.com/r/dataengineering/comments/1ho9xbp/sql_query_plan/,False,False,False,False
1hodh7h,How bad is Airflow DAG management console exposure to the internet?,3,3,ClimateChangeDenial,2024-12-28 19:42:11,https://www.reddit.com/r/dataengineering/comments/1hodh7h/how_bad_is_airflow_dag_management_console/,False,False,False,False
1ho5zbk,How do I showcase my data engineering project?,3,2,Antique_Reporter6217,2024-12-28 13:47:21,https://www.reddit.com/r/dataengineering/comments/1ho5zbk/how_do_i_showcase_my_data_engineering_project/,False,False,False,False
1hnnsu3,"What tools, processes do you use for data migration? SQL Server. Feel free to add anything about data migration!",3,3,NoobDataEngineer,2024-12-27 20:15:06,https://www.reddit.com/r/dataengineering/comments/1hnnsu3/what_tools_processes_do_you_use_for_data/,False,False,False,False
1hnrvzi,Seeking Advice: How to Strengthen My Profile for Data Engineering Roles?,2,11,NefariousnessSea5101,2024-12-27 23:18:23,https://www.reddit.com/r/dataengineering/comments/1hnrvzi/seeking_advice_how_to_strengthen_my_profile_for/,False,False,False,False
1ho8jf9,Data engineering,0,2,No_Initiative3642,2024-12-28 15:58:43,https://www.reddit.com/r/dataengineering/comments/1ho8jf9/data_engineering/,False,False,False,False
1hoclvk,Seeking Collaborators to Develop Data Engineer and Data Scientist Paths on Data Science Hive,0,2,Ryan_3555,2024-12-28 19:02:43,https://i.redd.it/p5d9jmcj0n9e1.gif,False,False,False,False
1ho1pds,Need advice for selecting company ,0,1,AintShocked1234,2024-12-28 08:44:58,https://www.reddit.com/r/dataengineering/comments/1ho1pds/need_advice_for_selecting_company/,False,False,False,False
1ho1ir5,Whatâ€™s your opinion on AI Engineering ,0,2,NefariousnessSea5101,2024-12-28 08:30:51,https://www.reddit.com/r/dataengineering/comments/1ho1ir5/whats_your_opinion_on_ai_engineering/,False,False,False,False
